<?xml version="1.0" encoding="UTF-8"?>

<process name="SupplyApply" xmlns="http://jbpm.org/4.4/jpdl">
   <start g="65,86,48,48" name="start1">
      <transition name="to 申请" to="申请" g="-45,-22"/>
   </start>
   <end g="649,340,48,48" name="end1"/>
   <task assignee="#{owner}" g="256,86,92,52" name="申请">
      <transition name="提交申批" to="审批" g="-45,-22"/>
      <transition name="取消" to="end1" g="669,112:-50,-22"/>
   </task>
   <task g="263,343,92,52" name="审批" assignee="#{manager}">
      <transition name="同意" to="end1" g="-50,-22"/>
      <transition name="不同意" to="申请" g="161,255:-45,-22"/>
   </task>
</process>